{
  "project_info": {
    "project_number": "453275690028",
    "firebase_url": "https://easylearn4-4ffd0.firebaseio.com",
    "project_id": "easylearn4-4ffd0",
    "storage_bucket": "easylearn4-4ffd0.appspot.com"
  },
  "client": [
    {
      "client_info": {
        "mobilesdk_app_id": "1:453275690028:android:7dd19faa414b6a9921dd89",
        "android_client_info": {
          "package_name": "com.example.a3app"
        }
      },
      "oauth_client": [
        {
          "client_id": "453275690028-57hirjttluq6tar1ijhmjobqqm0242f0.apps.googleusercontent.com",
          "client_type": 1,
          "android_info": {
            "package_name": "com.example.a3app",
            "certificate_hash": "81f7bb18a18d7b2f6e1fd3f7b5291eb5a51976c9"
          }
        },
        {
          "client_id": "453275690028-lgo38bk9iiq5qbhgifjj5is8oci8824o.apps.googleusercontent.com",
          "client_type": 3
        }
      ],
      "api_key": [
        {
          "current_key": "AIzaSyC94FXfn7eMBXaHO50TVPgf-KZC9sXM6Hw"
        }
      ],
      "services": {
        "appinvite_service": {
          "other_platform_oauth_client": [
            {
              "client_id": "453275690028-lgo38bk9iiq5qbhgifjj5is8oci8824o.apps.googleusercontent.com",
              "client_type": 3
            }
          ]
        }
      }
    }
  ],
  "configuration_version": "1"
}